{

    "metadata" :
    {
        "formatVersion" : 3.1,
        "sourceFile"    : "simpleCube1.obj",
        "generatedBy"   : "OBJConverter",
        "vertices"      : 8,
        "faces"         : 6,
        "normals"       : 6,
        "colors"        : 0,
        "uvs"           : 4,
        "materials"     : 1
    },

    "scale" : 1.000000,

    "materials": [	{
	"DbgColor" : 15658734,
	"DbgIndex" : 0,
	"DbgName" : "wire_214228153",
	"colorAmbient" : [0.8392, 0.8941, 0.6],
	"colorDiffuse" : [0.8392, 0.8941, 0.6],
	"colorSpecular" : [0.35, 0.35, 0.35],
	"illumination" : 2,
	"specularCoef" : 32.0,
	"transparency" : 0.0
	}],

    "vertices": [-500.000000,0.000000,-2500.000000,-500.000000,0.000000,-3500.000000,500.000000,0.000000,-3500.000000,500.000000,0.000000,-2500.000000,-500.000000,1000.000000,-2500.000000,500.000000,1000.000000,-2500.000000,500.000000,1000.000000,-3500.000000,-500.000000,1000.000000,-3500.000000],

    "morphTargets": [],

    "morphColors": [],

    "normals": [0,-1,-0,0,1,-0,0,0,1,1,0,-0,0,0,-1,-1,0,-0],

    "colors": [],

    "uvs": [[1,0,1,1,0,1,0,0]],

    "faces": [43,0,1,2,3,0,0,1,2,3,0,0,0,0,43,4,5,6,7,0,3,0,1,2,1,1,1,1,43,0,3,5,4,0,3,0,1,2,2,2,2,2,43,3,2,6,5,0,3,0,1,2,3,3,3,3,43,2,1,7,6,0,3,0,1,2,4,4,4,4,43,1,0,4,7,0,3,0,1,2,5,5,5,5]

}
